<?xml version="1.0" encoding="UTF-8"?>
<!DOCTYPE mapper PUBLIC "-//mybatis.org//DTD Mapper 3.0//EN"
				  "dtd/mybatis-3-mapper.dtd">
<mapper namespace="sell">
	<resultMap id="sellResult" type="sell">
		<result property="sellCode" column="SELL_CODE" />
		<result property="productCode" column="PRODUCT_CODE" />
		<result property="userCode" column="USER_CODE" />
		<result property="sellPrice" column="SELL_PRICE" />
		<result property="sellCount" column="SELL_COUNT" />
		<result property="sellYn" column="SELL_YN" />
		<result property="sellDate" column="SELL_DATE" />
	</resultMap>

	<insert id="createSell" parameterType="map">
		<![CDATA[
			INSERT INTO TB_SELL(
			  SELL_CODE
			, PRODUCT_CODE
			, USER_CODE
			, SELL_PRICE
			, SELL_COUNT
			, SELL_DATE
			) VALUES (
			  'S' || LPAD(SELL_SEQ.NEXTVAL, 4, 0)
			, #{productCode}
			, #{userCode}
			, #{sellPrice}
			, #{sellCount}
			, TO_CHAR(SYSDATE, 'YYYY-MM-DD HH24:MI')
			)
		]]>
	</insert>

	<select id="retrieveSellList" parameterType="map" resultType="map">
		<![CDATA[
			SELECT T.SELL_CODE
			     , T.PRODUCT_CODE
			     , T.USER_CODE
			     , T.SELL_PRICE
			     , T.SELL_COUNT
			     , T.SELL_DATE
			     , T.PRODUCT_CATEGORY_CD
			     , T.PRODUCT_IMAGE
			     , T.PRODUCT_NAME
			     , T.PRODUCT_UNIT_PRICE
			FROM
			(
				SELECT SELL.SELL_CODE
					 , SELL.PRODUCT_CODE
					 , SELL.USER_CODE
					 , SELL.SELL_PRICE
					 , SELL.SELL_COUNT
					 , SELL.SELL_DATE
					 , PRODUCT.PRODUCT_CATEGORY_CD
					 , PRODUCT.PRODUCT_IMAGE
					 , PRODUCT.PRODUCT_NAME
					 , PRODUCT.PRODUCT_UNIT_PRICE
				FROM   TB_SELL SELL
				INNER JOIN TB_PRODUCT PRODUCT ON
					  PRODUCT.PRODUCT_CODE = SELL.PRODUCT_CODE
				WHERE  1=1
				AND    USER_CODE = #{userCode}
				AND	   SELL_YN = 'N'
				ORDER BY SELL_DATE DESC
			) T
			WHERE ROWNUM = 1
		]]>
	</select>

	<select id="retrieveBuyList" parameterType="map" resultType="map">
		<![CDATA[
			SELECT SELL.SELL_CODE
				 , SELL.PRODUCT_CODE
				 , SELL.USER_CODE
				 , SELL.SELL_PRICE
				 , SELL.SELL_COUNT
				 , SELL.SELL_DATE
				 , PRODUCT.PRODUCT_CATEGORY_CD
				 , PRODUCT.PRODUCT_IMAGE
				 , PRODUCT.PRODUCT_NAME
				 , PRODUCT.PRODUCT_UNIT_PRICE
			FROM   TB_SELL SELL
			INNER JOIN TB_PRODUCT PRODUCT ON
				  PRODUCT.PRODUCT_CODE = SELL.PRODUCT_CODE
			WHERE  1=1
			AND    USER_CODE = #{userCode}
			AND	   SELL_YN = 'Y'
			ORDER BY SELL_DATE DESC
		]]>
	</select>

	<select id="retrieveMaxSellCode" resultType="string">
		<![CDATA[
			SELECT T.SELL_CODE
			FROM
			(
			  SELECT SELL_CODE
			  FROM TB_SELL
			  ORDER BY SELL_DATE DESC
			) T
			WHERE ROWNUM = 1
		]]>
	</select>

	<update id="updateSellYn" parameterType="map">
		<![CDATA[
			/* updateSellYn */
			UPDATE TB_SELL
			SET SELL_YN           = 'Y'
			WHERE SELL_CODE = #{sellCode}
		]]>
	</update>

	<select id="retrieveStatisticsForProduct" resultType="map">
		<![CDATA[
			SELECT PRODUCT.PRODUCT_NAME
			     , SUM(SELL_PRICE) AS SELL_PRICE
			FROM   TB_SELL SELL
				   INNER JOIN TB_PRODUCT PRODUCT ON PRODUCT.PRODUCT_CODE = SELL.PRODUCT_CODE
			GROUP BY PRODUCT.PRODUCT_NAME
		]]>
	</select>

	<select id="retrieveStatisticsForCategory" resultType="map">
		<![CDATA[
			SELECT (SELECT COMM_CD_NM FROM TB_COM_CODE WHERE 1=1 AND COMM_TY_CD = 'CODE0101' AND COMM_CD = PRODUCT.PRODUCT_CATEGORY_CD) AS PRODUCT_CATEGORY_CD
			     , NVL(SUM(SELL_PRICE), 0) AS SELL_PRICE
			FROM   TB_PRODUCT PRODUCT
				   LEFT JOIN TB_SELL SELL ON SELL.PRODUCT_CODE = PRODUCT.PRODUCT_CODE
			GROUP BY PRODUCT.PRODUCT_CATEGORY_CD
		]]>
	</select>

</mapper>