<?xml version="1.0" encoding="UTF-8"?>
<!DOCTYPE mapper PUBLIC "-//mybatis.org//DTD Mapper 3.0//EN"
				  "dtd/mybatis-3-mapper.dtd">
<mapper namespace="mark">
	<resultMap id="markResult" type="mark">
		<result property="productCode" column="PRODUCT_CODE" />
		<result property="userCode" column="USER_CODE" />
	    <result property="markRating" column="MARK_RATING"/>
	</resultMap>

	<select id="retrieveMark" parameterType="map" resultType="map">
		<![CDATA[
			SELECT MARK_RATING
			FROM TB_MARK
			WHERE 1=1
			AND PRODUCT_CODE = #{productCode}
			AND USER_CODE = #{userCode}
		]]>
	</select>

	<insert id="createMark" parameterType="map">
		<![CDATA[
			INSERT INTO TB_MARK(
				PRODUCT_CODE
			  , USER_CODE
			  , MARK_RATING
			) VALUES (
			    #{productCode}
			  , #{userCode}
			  , #{markRating}
			)
		]]>
	</insert>
</mapper>