<?xml version="1.0" encoding="UTF-8"?>
<!DOCTYPE mapper PUBLIC "-//mybatis.org//DTD Mapper 3.0//EN"
				  "dtd/mybatis-3-mapper.dtd">
<mapper namespace="example">
	<resultMap id="exampleResult" type="example">
		<result property="voteCode" column="VOTE_CODE" />
		<result property="exampleNo" column="EXAMPLE_NO" />
		<result property="exampleContent" column="EXAMPLE_CONTENT" />
	</resultMap>

    <select id="retrieveExampleList" parameterType="map" resultMap="exampleResult">
    		SELECT VOTE_CODE
    			 , EXAMPLE_NO
    			 , EXAMPLE_CONTENT
    		FROM   TB_EXAMPLE
    		WHERE  VOTE_CODE = #{voteCode}
    </select>

	<insert id="createExample" parameterType="map">
		<![CDATA[
			INSERT INTO TB_EXAMPLE(
			  VOTE_CODE
			, EXAMPLE_NO
			, EXAMPLE_CONTENT
			) VALUES (
			  #{voteCode}
			, (SELECT NVL(MAX(EXAMPLE_NO), 0) + 1 FROM TB_EXAMPLE WHERE VOTE_CODE = #{voteCode})
			, #{exampleContent}
			)
		]]>
	</insert>

</mapper>