<?xml version="1.0" encoding="UTF-8"?>
<!DOCTYPE mapper PUBLIC "-//mybatis.org//DTD Mapper 3.0//EN"
				  "dtd/mybatis-3-mapper.dtd">
<mapper namespace="reply">
	<resultMap id="replyResult" type="reply">
		<result property="productCode" column="PRODUCT_CODE" />
		<result property="userCode" column="USER_CODE" />
		<result property="userReplyNo" column="USER_REPLY_NO" />
		<result property="userReply" column="USER_REPLY" />
		<result property="replyDate" column="REPLY_DATE" />
	</resultMap>

	<select id="retrieveReplyList" parameterType="map" resultType="map">
		<![CDATA[
		/*	retrieveReplyList	*/
			SELECT REPLY.PRODUCT_CODE
				 , REPLY.USER_CODE
				 , (SELECT ID FROM TB_COM_USER WHERE USER_CODE = REPLY.USER_CODE) AS USER_ID
				 , REPLY.USER_REPLY_NO
				 , REPLY.USER_REPLY
				 , REPLY.REPLY_DATE
				 , (SELECT COUNT(*) FROM TB_REPLY WHERE PRODUCT_CODE = #{productCode}) AS REPLY_COUNT
				 , (SELECT USER_IMAGE FROM TB_COM_USER WHERE USER_CODE = REPLY.USER_CODE) AS USER_IMAGE
				 , (SELECT MARK_RATING FROM TB_MARK WHERE 1=1 AND PRODUCT_CODE = #{productCode} AND USER_CODE = REPLY.USER_CODE) AS MARK_RATING
			FROM   TB_REPLY REPLY
			WHERE  1=1
			AND    PRODUCT_CODE = #{productCode}
			ORDER BY REPLY.REPLY_DATE DESC
		]]>
	</select>

	<select id="retrieveReply" parameterType="map" resultType="map">
		<![CDATA[
		/*	retrieveReply	*/
			SELECT REPLY.PRODUCT_CODE
				 , REPLY.USER_CODE
				 , (SELECT ID FROM TB_COM_USER WHERE USER_CODE = REPLY.USER_CODE) AS USER_ID
				 , REPLY.USER_REPLY_NO
				 , REPLY.USER_REPLY
				 , REPLY.REPLY_DATE
				 , (SELECT COUNT(*) FROM TB_REPLY WHERE PRODUCT_CODE = #{productCode}) AS REPLY_COUNT
				 , (SELECT USER_IMAGE FROM TB_COM_USER WHERE USER_CODE = REPLY.USER_CODE) AS USER_IMAGE
			FROM   TB_REPLY REPLY
			WHERE  1=1
			AND    PRODUCT_CODE = #{productCode}
			AND    USER_CODE = #{userCode}
		]]>
	</select>

	<insert id="createReply" parameterType="map">
		<![CDATA[
		/*	createReply	*/
			INSERT INTO TB_REPLY(
			  PRODUCT_CODE
			, USER_CODE
			, USER_REPLY_NO
			, USER_REPLY
			, REPLY_DATE
			) VALUES (
			  #{productCode}
			, #{userCode}
			, (SELECT NVL(MAX(USER_REPLY_NO), 0) + 1 FROM TB_REPLY WHERE 1=1 AND PRODUCT_CODE = #{productCode} AND USER_CODE = #{userCode})
			, #{userReply}
			, TO_CHAR(SYSDATE, 'YYYY-MM-DD HH24:MI')
			)
		]]>
	</insert>

	<delete id="deleteReply" parameterType="map">
		<![CDATA[
		/*	deleteReply	*/
			DELETE
			FROM  TB_REPLY
			WHERE 1=1
			AND PRODUCT_CODE = #{productCode}
			AND USER_CODE = #{userCode}
			AND USER_REPLY_NO = #{userReplyNo}
		]]>
	</delete>
</mapper>