<?xml version="1.0" encoding="UTF-8"?>
<!DOCTYPE mapper PUBLIC "-//mybatis.org//DTD Mapper 3.0//EN"
				  "dtd/mybatis-3-mapper.dtd">
<mapper namespace="cart">
	<resultMap id="cartResult" type="cart">
		<result property="cartCode" column="CART_CODE" />
		<result property="productCode" column="PRODUCT_CODE" />
		<result property="userCode" column="USER_CODE" />
		<result property="cartPrice" column="CART_PRICE" />
		<result property="cartCount" column="CART_COUNT" />
		<result property="cartDate" column="CART_DATE" />
	</resultMap>

	<insert id="createCart" parameterType="map">
		<![CDATA[
			INSERT INTO TB_CART(
			  CART_CODE
			, PRODUCT_CODE
			, USER_CODE
			, CART_PRICE
			, CART_COUNT
			, CART_DATE
			) VALUES (
			  'C' || LPAD(CART_SEQ.NEXTVAL, 4, 0)
			, #{productCode}
			, #{userCode}
			, #{cartPrice}
			, #{cartCount}
			, TO_CHAR(SYSDATE, 'YYYY-MM-DD HH24:MI')
			)
		]]>
	</insert>

	<select id="retrieveCartList" parameterType="map" resultType="map">
		<![CDATA[
			SELECT CART.CART_CODE
				 , CART.PRODUCT_CODE
				 , CART.USER_CODE
				 , CART.CART_PRICE
				 , CART.CART_COUNT
				 , CART.CART_DATE
				 , PRODUCT.PRODUCT_CATEGORY_CD
				 , PRODUCT.PRODUCT_IMAGE
				 , PRODUCT.PRODUCT_NAME
				 , PRODUCT.PRODUCT_UNIT_PRICE
			FROM   TB_CART CART
			INNER JOIN TB_PRODUCT PRODUCT ON
				  PRODUCT.PRODUCT_CODE = CART.PRODUCT_CODE
			WHERE  1=1
			AND    USER_CODE = #{userCode}
		]]>
	</select>


	<delete id="deleteCart" parameterType="map">
		<![CDATA[
			DELETE
			FROM  TB_CART
			WHERE CART_CODE = #{cartCode}
		]]>
	</delete>

</mapper>