<?xml version="1.0" encoding="UTF-8"?>
<beans:beans
	xmlns="http://www.springframework.org/schema/mvc"
	xmlns:xsi="http://www.w3.org/2001/XMLSchema-instance"
	xmlns:beans="http://www.springframework.org/schema/beans"
	xmlns:context="http://www.springframework.org/schema/context"
	xmlns:security="http://www.springframework.org/schema/security"
	xsi:schemaLocation="http://www.springframework.org/schema/security http://www.springframework.org/schema/security/spring-security.xsd
		http://www.springframework.org/schema/mvc http://www.springframework.org/schema/mvc/spring-mvc.xsd
		http://www.springframework.org/schema/beans http://www.springframework.org/schema/beans/spring-beans.xsd
		http://www.springframework.org/schema/context http://www.springframework.org/schema/context/spring-context.xsd">

	<!-- DispatcherServlet Context: defines this servlet's request-processing infrastructure -->
	
	<!-- Enables the Spring MVC @Controller programming model -->
	<annotation-driven />

	<!-- Handles HTTP GET requests for /resources/** by efficiently serving up static resources in the ${webappRoot}/resources directory -->
	<resources mapping="/resources/**" location="/resources/" />

	<!-- Resolves views selected for rendering by @Controllers to .jsp resources in the /WEB-INF/views directory -->
	<beans:bean class="org.springframework.web.servlet.view.InternalResourceViewResolver">
		<beans:property name="prefix" value="/WEB-INF/views/" />
		<beans:property name="suffix" value=".jsp" />
	</beans:bean>
	
	<context:component-scan base-package="org.zerock.controller" />
	<context:component-scan base-package="org.zerock.exception" />
	
	<!-- Page703 servlet-context.xml 파일에 security Namespaces 추가해줍니다    -->
	<!-- Page703 아래에 security 네임스페이스에 의해 추가된 global-method-security를 지정해 줍니다.
	     어노테이션은 기본으로 'disabled' 되어 있으므로 'enabled'로 설정해 줍니다. -->
	<security:global-method-security pre-post-annotations="enabled" secured-annotations="enabled"/>
	
	<!-- 첨부파일을 처리하는 빈(bean)을 설정할 때 id는 'multipartResolver'라는 이름으로
	     지정된 이름을 사용합니다. -->
	<beans:bean id="multipartResolver" class="org.springframework.web.multipart.support.StandardServletMultipartResolver">	
	</beans:bean>	
	
</beans:beans>
