<?xml version="1.0" encoding="UTF-8"?>
<!-- Page610 아래는 스프링 시큐리티 네임스페이스 수정 적용했음 -->
<beans xmlns="http://www.springframework.org/schema/beans"
	xmlns:xsi="http://www.w3.org/2001/XMLSchema-instance"
	xmlns:security="http://www.springframework.org/schema/security"
	xsi:schemaLocation="http://www.springframework.org/schema/security http://www.springframework.org/schema/security/spring-security.xsd
		http://www.springframework.org/schema/beans http://www.springframework.org/schema/beans/spring-beans.xsd">

<!-- Page630 아래 1줄 소스 추가 코딩해 줌. security-context.xml에 다음과 같이
     error-page 속성 대신에 CustomAccessDeniedHandler를 빈(bean)으로 등록해서 사용합니다.  -->
<bean id="customAccessDenied" class="org.zerock.security.CustomAccessDeniedHandler"></bean>

<!-- Page639 security-context.xml에 CustomLoginSuccessHandler를 빈으로 등록하고
     로그인 성공 후 처리를 담당하는 핸들러로 지정합니다. -->
     <bean id="customLoginSuccess" class="org.zerock.security.CustomLoginSuccessHandler"></bean>

<!-- Pager612 스프링 시큐리티가 동작하기 위해서는 다음과 같이
     Authentication Manager라는 존재와 스프링 시큐리티의 시작 지점이 필요하기 때문에
         아래와 같이 최소한의 설정을 지정한 후에 실행 확인해 봅니다.  -->
<security:http>

	<!-- Page618 31.1 접근 제한 설정 : 아래 2줄 소스 코딩 -->
	<!-- 특정한 URI에 접근할 때 인터셉터를 이용해서 접근을 제한하는 설정은
	     security:intercept-url 태그를 이용합니다.
	         이 태그는 pattern이라는 속성과 access라는 속성을 지정해야만 합니다.
	     pattern 속성은 URI의 패턴을 의미하고, access의 경우는 권한을 체크합니다.
	         아래의 소스에서 /sample/member 라는 URI의 경우,
	     'ROLE_MEMBER'라는 권한이 있는 사용자만이 접근할 수 있습니다.
	     access의 속성값으로 사용되는 문자열은 1) 표현식과 2) 권한명을 의미하는 문자열을 이용할 수 있습니다.
	     security:http 태그는 기본 설정이 표현식을 이용하는 것입니다. 만약
	         단순한 문자열만을 이용하고 싶은 경우에는 use-expressions="false"를 지정하면 됩니다.
	         보통 표현식을 사용하는 방식이 권장되므로, 우리는 표현식을 사용하는 방식으로 소스 코딩을 할 것입니다.-->
	<security:intercept-url pattern="/sample/all" access="permitAll"/>
	<security:intercept-url pattern="/sample/member" access="hasRole('ROLE_MEMBER')"/>
	<!-- Page624 : security:intercept-url 태그에 아래와 같이 /sample/admin에 대한 접근 설정도 추가해 줍니다. -->	
	<security:intercept-url pattern="/sample/admin" access="hasRole('ROLE_ADMIN')"/>	
	
	<!-- Page626 security:access-denied-handler 태그는
	     org.springframework.security.web.access.AccessDeniedHandler 인터페이스의 구현체를
	         지정하거나 error-page를 지정할 수 있습니다. 다음은 '/accessError'라는 URI로 접근 제한 시
	         보이는 화면을 처리하도록 설정해 줍니다. -->
	<!-- Page630 소스 코딩할 때 아래 1줄 소스는 주석 처리해 줍니다. -->
	<!-- 
	<security:access-denied-handler error-page="/accessError"/>
	 -->
	<!-- Page630 아래 1줄 소스 추가 코딩해 줌. security:access-denied-handler 태그는
	     error-page 속성과 ref 속성 둘 중 하나만을 사용합니다. 이번에는 ref 속성을 활용합니다.  -->
	<security:access-denied-handler ref="customAccessDenied"/>
	
	<!-- Page631 코딩할 때 아래 1줄 소스는 주석 처리해 줌.
	<security:form-login/>
	-->
	<!-- Page631 login-page 속성의 URI는 반드시 GET 방식으로 접근하는 URI(자원식별자)를 지정합니다. -->
	<!-- Page639 소스코딩할 때, 아래 1줄 소스는 주석 처리해 줌.  -->
	<!-- 
	<security:form-login login-page="/customLogin"/>
	 -->
	 <security:form-login login-page="/customLogin" authentication-success-handler-ref="customLoginSuccess"/>
	
	<!-- Page637 31.4.2 스프링 시큐리티의 CSRF 설정 : CSRF 비활성화 설정(아래 1줄 코드는 주석 처리함) -->
	<!-- 
	<security:csrf disabled="true"/>
	 -->
	 
	 <!-- Page640 31.6 로그아웃의 처리와 LogoutSuccessHandler 소스 코딩
	  로그인과 마찬가지로 특정한 URI(자원 식별자)를 지정하고, 로그아웃 처리 후 직접 로직을 처리할 수 있는
	  핸들러를 등록할 수 있습니다.
	  Page640 로그아웃 시 세션을 무효화 시키는 설정이나 특정한 쿠키를 지우는 작업을 지정할 수 있습니다.-->
	  <security:logout logout-url="/customLogout" invalidate-session="true"/>
	
</security:http>

	<security:authentication-manager>
		<security:authentication-provider>
			<security:user-service>
				<!-- 다음은 member라는 계정 정보를 가진 사용자가 로그인을 할 수 있도록 소스 코딩을 추가해 주었습니다.-->
				<!-- 스프링 시큐리티 5버전부터는 반드시 PasswordEncoder를 사용해야만 합니다.
				     만일 패스워드의 인코딩 처리 없이, 임시 방편으로 포맷팅 처리를 지정해서 패스워드 인코딩 방식을
				     지정할 수 있습니다. 아래와 같이 패스워드의 인코딩 처리 없이 사용하고 싶다면 패스워드 앞에
				   '{noop}'문자열을 추가합니다.  -->
				<security:user name="member" password="{noop}member" authorities="ROLE_MEMBER"/>
				<!-- Page624 security:user 태그에 추가된 admin 사용자는 'ROLE_MEMBER'와 'ROLE_ADMIN' 2가지 권한을 갖도록 설정해 줍니다. -->
				<security:user name="admin" password="{noop}admin" authorities="ROLE_MEMBER, ROLE_ADMIN"/>
			</security:user-service>
		</security:authentication-provider>
	</security:authentication-manager>
</beans>
