<?xml version="1.0" encoding="UTF-8"?>
<!DOCTYPE mapper PUBLIC "-//mybatis.org//DTD Mapper 3.0//EN"
				  "dtd/mybatis-3-mapper.dtd">
<mapper namespace="mark">
	<resultMap id="markResult" type="mark">
		<result property="boardNo" column="BOARD_NO" />
		<result property="userCode" column="USER_CODE" />
	    <result property="markRating" column="MARK_RATING"/>
	</resultMap>

	<select id="retrieveMark" parameterType="map" resultType="map">
		<![CDATA[
			SELECT *
			FROM TB_MARK
			WHERE 1=1
			AND BOARD_NO = #{boardNo}
			AND USER_CODE = #{userCode}
		]]>
	</select>

	<insert id="createMark" parameterType="map">
		<![CDATA[
			INSERT INTO TB_MARK(
				BOARD_NO
			  , USER_CODE
			  , MARK_RATING
			) VALUES (
			    #{boardNo}
			  , #{userCode}
			  , 1
			)
		]]>
	</insert>

	<insert id="deleteMark" parameterType="map">
		<![CDATA[
			DELETE
			FROM TB_MARK
			WHERE 1=1
			AND BOARD_NO = #{boardNo}
		]]>
	</insert>
</mapper>