<?xml version="1.0" encoding="UTF-8"?>
<!DOCTYPE configuration PUBLIC "-//mybatis.org//DTD Config 3.0//EN"
	"dtd/mybatis-3-config.dtd">

<configuration>
	<typeAliases>
		<typeAlias type="work.user.UserBean" alias="user"/>
		<typeAlias type="work.mark.MarkBean" alias="mark"/>
		<typeAlias type="work.reply.ReplyBean" alias="reply"/>
		<typeAlias type="work.board.BoardBean" alias="board"/>
		<typeAlias type="work.three.ThreeBean" alias="three"/>
		<typeAlias type="work.code.CodeBean" alias="code"/>
		<typeAlias type="work.course.CourseBean" alias="course"/>
		<typeAlias type="work.professorreg.ProfessorregBean" alias="professorreg"/>
		<typeAlias type="work.studentreg.StudentregBean" alias="studentreg"/>
		<typeAlias type="work.sche.ScheBean" alias="sche"/>
	</typeAliases>

	<mappers>
		<mapper resource="conf/sql-user.xml" />
		<mapper resource="conf/sql-mark.xml" />
		<mapper resource="conf/sql-reply.xml" />
		<mapper resource="conf/sql-board.xml" />
		<mapper resource="conf/sql-three.xml" />
		<mapper resource="conf/sql-code.xml" />
		<mapper resource="conf/sql-course.xml" />
		<mapper resource="conf/sql-professorreg.xml" />
		<mapper resource="conf/sql-studentreg.xml" />
		<mapper resource="conf/sql-sche.xml" />
	</mappers>
</configuration>
