<?xml version="1.0" encoding="UTF-8"?>
<!DOCTYPE mapper PUBLIC "-//mybatis.org//DTD Mapper 3.0//EN" "http://mybatis.org/dtd/mybatis-3-mapper.dtd" >

<mapper namespace="org.zerock.mapper.BoardMapper">

		<!-- MyBatis는 sql태그를 이용해서 SQL의 일부를 별도로 보관하고,
	                필요한 경우에 include 시키는 형식으로 사용할 수 있습니다 -->
    	<sql id="criteria">
    		<trim prefix="(" suffix=") AND " prefixOverrides="OR">
    			<foreach item="type" collection="typeArr" >
    			    <!-- trim 태그 안에서 먼저 prefix 속성이 'OR' 텍스트를 추가해 줍니다 -->
    				<trim prefix="OR">
    					<choose>
    						<when test="type == 'T'.toString()">
    							title like '%'||#{keyword}||'%'
    						</when>
    						<when test="type == 'C'.toString()">
    							content like '%'||#{keyword}||'%'
    						</when>
    							<when test="type == 'W'.toString()">
    							writer like '%'||#{keyword}||'%'
    						</when>
    					</choose>
    				</trim>
    			</foreach>    		
    		</trim>  		
    	</sql>		

	<!-- XML에 사용한 CDATA 부분은 XML에서 부등호를 사용하기 위해서 사용합니다 -->
	<select id="getList" resultType="org.zerock.domain.BoardVO">
	<![CDATA[
	SELECT * FROM tbl_board WHERE bno > 0
	]]>
	</select>
	
	<!-- 
		insert into tbl_board (bno, title, content, writer)
		VALUES (SEQ_BOARD.nextval, '테스트 제목', '테스트 내용', '장나라')
	 -->	
	<insert id="insert">
		insert into tbl_board (bno, title, content, writer)
		VALUES (SEQ_BOARD.nextval, #{title}, #{content}, #{writer})
	</insert>

	<!-- insertSelectKey()는 @SelectKey라는 MyBatis의 어노테이션을 이용합니다.
	@SelectKey는 주로 PK값을 미리(BEFORE) SQL을 통해서 처리해 두고 특정한 이름으로
	결과를 보관하는 방식입니다. @Insert 할때 SQL문을 보면 #{bno}와 같이 이미 처리된 결과를
	이용하는 것을 볼 수 있습니다 -->	
	<insert id="insertSelectKey">
		<selectKey keyProperty="bno" order="BEFORE" resultType="long">
			SELECT seq_board.nextval from dual		
		</selectKey>
		insert into tbl_board (bno, title, content, writer)
		VALUES (#{bno}, #{title}, #{content}, #{writer})	
	</insert>
	
	<!-- SELECT * from tbl_board WHERE bno = 5 -->
	<select id="read" resultType="org.zerock.domain.BoardVO">
		SELECT * from tbl_board WHERE bno = #{bno}
	</select>
	
	<!-- DELETE FROM tbl_board WHERE bno = 1 -->
	<delete id="delete">
		DELETE FROM tbl_board WHERE bno = #{bno}
	</delete>
	
	<!-- UPDATE tbl_board SET title='수정된 제목',
		content = '수정된 내용', writer = 'kimdm',
		updatedate = sysdate WHERE bno = 2 -->
	<update id="update">
		UPDATE tbl_board SET title= #{title} ,
		content = #{content} , writer = #{writer} ,
		updatedate = sysdate WHERE bno = #{bno}	
	</update>

	<!-- CDATA 섹션은 XML에서 부등호가 태그로 인식되기 때문에, 그것을 막기 위해서 사용합니다. -->
	<!-- MyBatis 동적 쿼리 문법 메모 -->
	<!-- trim 태그의 prefix 속성은 실행될 쿼리문의 trim 태그문 안에 쿼리 가장 앞에 붙여줍니다. -->
	<!-- prefixOverrides 속성은 실행될 쿼리의 trim 태그문 안에 쿼리 가장 앞에
	         해당하는 문자들이 있으면 자동으로 지워줍니다. -->
	<!-- trim 태그의 suffix 속성은 실행될 쿼리문의 trim 태그문 안에 쿼리 가장 뒤에 붙여줍니다. -->
	<!-- suffixOverrides 속성은 실행될 쿼리의 trim 태그문 안에 쿼리 가장 뒤에
	         해당하는 문자들이 있으면 자동으로 지워줍니다. --> 
	<select id="getListWithPaging" resultType="org.zerock.domain.BoardVO">
		<![CDATA[
		SELECT
    		bno, title, content, WRITER, REGDATE, UPDATEDATE, replyCnt
    	from
    		(
    		SELECT /*+INDEX_DESC(tbl_board pk_board) */
        		ROWNUM rn, bno, title, content, WRITER, REGDATE, UPDATEDATE, replyCnt
    		FROM    			
    			tbl_board
    		WHERE
		]]>
		   <!-- trim 태그 안에서 단일 키워드 검색일 경우, 먼저 prefix 속성이 (가 추가되고,
		        prefixOverrides 속성이 쿼리문 중에서 'OR' 텍스트를 찾게 되고,
		        'OR' 텍스트를 찾게 되면 제거합니다.
		              그리고, suffix 속성이 맨 뒤에는 ) AND를 추가해 줍니다. -->
	    <!-- 여기서는 foreach 태그 안쪽 trim 태그에서 먼저 prefix 속성이 'OR' 텍스트를 추가하여
	         'OR' 연산으로 쿼리문을 처리하다가, 두가지의 텍스트 조합 검색 조건이 나타나면,
	         'AND' 연산을 수행하여 두가지의 텍스트 조합 조건을 검색 처리 합니다.-->
	    <!--  
    		<trim prefix="(" suffix=") AND " prefixOverrides="OR">
    			<foreach item="type" collection="typeArr" >
    	-->
    			    <!-- trim 태그 안에서 먼저 prefix 속성이 'OR' 텍스트를 추가해 줍니다 -->
    				<!-- 
    				<trim prefix="OR">
    					<choose>
    						<when test="type == 'T'.toString()">
    							title like '%'||#{keyword}||'%'
    						</when>
    						<when test="type == 'C'.toString()">
    							content like '%'||#{keyword}||'%'
    						</when>
    							<when test="type == 'W'.toString()">
    							writer like '%'||#{keyword}||'%'
    						</when>
    					</choose>
    				</trim>
    			</foreach>    		
    		</trim>  
    		 -->
    		 
    		 <include refid="criteria"></include>
    		 		
    			<![CDATA[
    				rownum <= #{pageNum} * #{amount}
    				)
    			where rn > (#{pageNum} -1 ) * #{amount}
    			]]>    			
	</select>
	
	<select id="getTotalCount" resultType="int">
		SELECT count(*) FROM tbl_board WHERE
		
		<include refid="criteria"></include>
		
		 bno > 0
	</select>
		
	<!-- Page482, Page483 댓글이 추가되면 반정규화된 tbl_board 테이블에 replycnt 칼럼이
	     업데이트 되어야 하기 때문에 BoardMapper.xml에 updateReplyCnt 구문을 추가해야만 합니다 -->
	<!-- update tbl_board set replycnt = replycnt + 10 WHERE bno = 491602 -->
	<update id="updateReplyCnt">
		update tbl_board set replycnt = replycnt + #{amount} WHERE bno = #{bno}
	</update>     	
		
</mapper>









