<?xml version="1.0" encoding="UTF-8"?>
<!DOCTYPE mapper PUBLIC "-//mybatis.org//DTD Mapper 3.0//EN" "http://mybatis.org/dtd/mybatis-3-mapper.dtd" >

<mapper namespace="org.zerock.mapper.BoardAttachMapper">

	<!-- 
	INSERT INTO tbl_attach (uuid, uploadpath, filename, filetype, bno)
	VALUES ('a230203', 'c://upload//', 'test01.jpg', 'I',  491641)
	 -->
	<insert id="insert">
	INSERT INTO tbl_attach (uuid, uploadpath, filename, filetype, bno)
	VALUES (#{uuid}, #{uploadPath}, #{fileName}, #{fileType}, #{bno})	
	</insert>

	<!--
	DELETE FROM tbl_attach WHERE uuid = 'a230203'
	-->
	<delete id="delete">
	DELETE FROM tbl_attach WHERE uuid = #{uuid}
	</delete>

	<!-- 
	SELECT * FROM tbl_attach WHERE bno = '491641'
	 -->
	<select id="findByBno" resultType="org.zerock.domain.BoardAttachVO">
	SELECT * FROM tbl_attach WHERE bno = #{bno}
	</select>
	
	<!-- 
	DELETE tbl_attach WHERE bno = 491702
	 -->
	<delete id="deleteAll">
	DELETE tbl_attach WHERE bno = #{bno}
	</delete>
	
	<!-- 
	Page 600 getOldFiles select 쿼리문 확인 : sysdate에서 1을 뺀 어제 날짜 데이터 처리 설정
	SELECT * FROM tbl_attach WHERE uploadpath = to_char(sysdate -1, 'yyyy\mm\dd')
	Page 600 getOldFiles select 쿼리문 확인 : sysdate에 오늘 날짜 데이터 처리 설정
	SELECT * FROM tbl_attach WHERE uploadpath = to_char(sysdate, 'yyyy\mm\dd')
	우리는 오늘(sysdate) 잘못 처리된 첨부파일에 대해 삭제 스케쥴 처리를 하기 위해 sysdate를 활용합니다.
	 -->
	<select id="getOldFiles" resultType="org.zerock.domain.BoardAttachVO">	
	SELECT * FROM tbl_attach WHERE uploadpath = to_char(sysdate, 'yyyy\mm\dd')	
	</select>
		
</mapper>





