<?xml version="1.0" encoding="UTF-8"?>
<!DOCTYPE mapper PUBLIC "-//mybatis.org//DTD Mapper 3.0//EN" "http://mybatis.org/dtd/mybatis-3-mapper.dtd" >

<mapper namespace="org.zerock.mapper.ReplyMapper">
	<!-- 
	INSERT into tbl_reply (rno, bno, reply, replyer)
	VALUES (seq_reply.nextval, 491602, '댓글 등록 테스트', '장나라');
	 -->
	<insert id="insert">
		INSERT into tbl_reply (rno, bno, reply, replyer)
		VALUES (seq_reply.nextval, #{bno}, #{reply}, #{replyer})	
	</insert>
	
	<!--
	 select * from tbl_reply where rno = 12
	 -->
	<select id="read" resultType="org.zerock.domain.ReplyVO">
	
		select * from tbl_reply where rno = #{rno}
	
	</select>
		
	<!-- 
	     특정 댓글의 삭제는 댓글의 번호(rno)만으로 처리가 가능합니다.
	   delete from tbl_reply where rno = 5
	 -->
	 <delete id="delete">
	 	delete from tbl_reply where rno = #{rno}
	 </delete>
	 
	 <!-- 
	 	 댓글의 수정은 현재의 tbl_reply 테이블의 구조에서는 댓글의 내용(reply)과
		 최종 수정 시간(updatedate)을 수정합니다.
	UPDATE tbl_reply set reply = '즐거운 주말이 기다려집니다!',
	updatedate = sysdate WHERE rno = 10
	  -->
	 
	 <update id="update">
		 UPDATE tbl_reply set reply = #{reply},
		 updatedate = sysdate WHERE rno = #{rno}	 
	 </update>
	 
	 <!-- 
	 	SELECT rno, bno, reply, replyer, replyDate, updatedate
		FROM tbl_reply
		WHERE bno = 491602
		ORDER BY rno asc
	  -->
	 
	 <!-- Page 431 마이바티스 ReplyMapper.xml 쿼리문 적용하면서 아래 구문은 주석 처리함 -->
	 <!-- 
	 <select id="getListWithPaging" resultType="org.zerock.domain.ReplyVO">
	 
	 	SELECT rno, bno, reply, replyer, replyDate, updatedate
		FROM tbl_reply
		WHERE bno = #{bno}
		ORDER BY rno asc
	 
	 </select>
	 -->
	 
	 <!-- 
	 select rno, bno, reply, replyer, replydate, updatedate
		from
			(
				select /*+ INDEX(tbl_reply idx_reply) */
				rownum rn, rno, bno, reply, replyer, replyDate, updatedate
			from tbl_reply
			where bno = 491602  
				and rno > 0
				and rownum <= 20
			) where rn > 10
	  -->
	 <!-- Page 431 마이바티스 ReplyMapper.xml 쿼리문 적용 -->
	 <select id="getListWithPaging" resultType="org.zerock.domain.ReplyVO">
		<![CDATA[
		 select  rno, bno, reply, replyer, replydate, updatedate
		 from 
		   (
		    select /*+INDEX(tbl_reply idx_reply) */ 
		      rownum rn,  rno, bno, reply, replyer, replyDate, updatedate
		    from tbl_reply
		    where bno =  #{bno}
		    and rno > 0
		    and rownum <= #{cri.pageNum} * #{cri.amount}
		   ) where rn > (#{cri.pageNum} -1) * #{cri.amount}
		]]>
	</select>
	
	<!-- 
	SELECT count(rno) from tbl_reply WHERE bno = 491602
	 -->
	<select id="getCountByBno" resultType="int">
		<![CDATA[
		SELECT count(rno) from tbl_reply WHERE bno = #{bno}
		]]>
	</select>
		
</mapper>




